source,source_table,canonical_field,our_code,their_code,their_column
cn_phones,phones.csv,envelope.event_type,contact_point_update,(constant),
cn_addresses,addresses.csv,envelope.event_type,contact_point_update,(constant),
cn_dial_attempts,dial_attempts.csv,envelope.event_type,dial_attempt,(constant),
cn_dial_dispositions,dial_attempts.csv,envelope.event_type,disposition,(constant),
cn_field_visits,field_visits.csv,envelope.event_type,field_visit,(constant),
cn_payments,payments.csv,envelope.event_type,payment,(constant),
cn_dial_attempts,dial_attempts.csv,payload.channel,telecaller,tele_agent,channel
cn_dial_dispositions,dial_attempts.csv,payload.channel,telecaller,tele_agent,channel
cn_dial_attempts,dial_attempts.csv,payload.channel,voice_bot,voice_bot,channel
cn_dial_dispositions,dial_attempts.csv,payload.channel,voice_bot,voice_bot,channel
cn_addresses,addresses.csv,payload.contact_type,address,(constant),
cn_phones,phones.csv,payload.contact_type,phone,(constant),
cn_dial_dispositions,dial_attempts.csv,payload.disposition,RPC,rpc_claims_paid,disposition
cn_dial_dispositions,dial_attempts.csv,payload.disposition,RPC,rpc_hardship,disposition
cn_dial_dispositions,dial_attempts.csv,payload.disposition,RPC,rpc_hung_up,disposition
cn_dial_dispositions,dial_attempts.csv,payload.disposition,RPC,rpc_refused,disposition
cn_dial_dispositions,dial_attempts.csv,payload.disposition,callback,rpc_call_back,disposition
cn_dial_dispositions,dial_attempts.csv,payload.disposition,dispute,rpc_dispute,disposition
cn_dial_dispositions,dial_attempts.csv,payload.disposition,not_reachable,not_reachable,disposition
cn_dial_dispositions,dial_attempts.csv,payload.disposition,promise_to_pay,rpc_ptp,disposition
cn_dial_dispositions,dial_attempts.csv,payload.disposition,switched_off,switched_off,disposition
cn_dial_dispositions,dial_attempts.csv,payload.disposition,third_party,third_party_contact,disposition
cn_dial_dispositions,dial_attempts.csv,payload.disposition,third_party,third_party_ptp,disposition
cn_dial_dispositions,dial_attempts.csv,payload.disposition,wrong_number,wrong_number,disposition
cn_addresses,addresses.csv,payload.is_primary,False,(constant),
cn_phones,phones.csv,payload.is_primary,False,1,priority_slot
cn_phones,phones.csv,payload.is_primary,False,2,priority_slot
cn_phones,phones.csv,payload.is_primary,False,3,priority_slot
cn_phones,phones.csv,payload.is_primary,False,4,priority_slot
cn_phones,phones.csv,payload.is_primary,False,5,priority_slot
cn_phones,phones.csv,payload.is_primary,True,0,priority_slot
cn_dial_attempts,dial_attempts.csv,payload.network_response,answered,answered,network_response
cn_dial_attempts,dial_attempts.csv,payload.network_response,busy,busy_rejected,network_response
cn_dial_attempts,dial_attempts.csv,payload.network_response,does_not_exist,number_does_not_exist,network_response
cn_dial_attempts,dial_attempts.csv,payload.network_response,no_answer,ring_no_answer,network_response
cn_dial_attempts,dial_attempts.csv,payload.network_response,not_reachable,not_reachable,network_response
cn_dial_attempts,dial_attempts.csv,payload.network_response,switched_off,switched_off,network_response
cn_field_visits,field_visits.csv,payload.outcome,address_not_found,address_not_traceable,outcome
cn_field_visits,field_visits.csv,payload.outcome,locked_premises,locked_premises,outcome
cn_field_visits,field_visits.csv,payload.outcome,met_borrower,cash_collected,outcome
cn_field_visits,field_visits.csv,payload.outcome,met_borrower,met_borrower,outcome
cn_field_visits,field_visits.csv,payload.outcome,met_third_party,met_family,outcome
cn_field_visits,field_visits.csv,payload.outcome,nobody_of_that_name,neighbour_says_shifted,outcome
cn_field_visits,field_visits.csv,payload.outcome,nobody_of_that_name,no_such_person,outcome
cn_phones,phones.csv,payload.source,KYC,kyc_origination,source
cn_addresses,addresses.csv,payload.source,KYC,kyc_origination,source
cn_phones,phones.csv,payload.source,borrower_on_call,borrower_update,source
cn_phones,phones.csv,payload.source,bureau,bureau,source
cn_phones,phones.csv,payload.source,later_update,employer,source
cn_phones,phones.csv,payload.source,later_update,reference,source
cn_phones,phones.csv,payload.source,skip_trace,skip_trace,source
cn_addresses,addresses.csv,payload.source,skip_trace,skip_trace,source
