feature,group,dtype,window_days,source_datapoint,derivation,interpretation,null_semantics,description
n_attempts_1d,telephony,Int64,1,dial_attempt,"count(dial_attempt rows with occurred_at in (as_of-W, as_of] on occurred_at; only rows with received_at <= as_of, W=1) per contact point; 0 if none",Dial pressure on this number: high counts with no answers suggest a dead or avoided line.,0 when no attempts in window.,Dial attempts with occurred_at in the last 1d.
n_answered_1d,telephony,Int64,1,dial_attempt,"count(rows with network_response=answered in (as_of-W, as_of] on occurred_at; only rows with received_at <= as_of, W=1); 0 if none",Recent pickups: the single strongest positive signal a number still reaches someone.,0 when no attempts in window.,Attempts with network_response=answered in the last 1d.
answer_rate_1d,telephony,Float64,1,dial_attempt,n_answered over the last 1d/n_attempts over the last 1d; null if denominator is 0 (never 0-imputed),"Recent reachability rate; null means 'no attempts', which differs from measured zero.",null when no attempts in window (never 0-imputed).,n_answered / n_attempts over the last 1d.
n_switched_off_1d,telephony,Int64,1,dial_attempt,"count(rows with network_response=switched_off in (as_of-W, as_of] on occurred_at; only rows with received_at <= as_of, W=1); 0 if none",How often the line reports 'switched_off': persistence of one outcome hints at line state (e.g. repeated switched_off) rather than borrower behaviour.,0 when no attempts in window.,Attempts with network_response=switched_off in the last 1d.
n_not_reachable_1d,telephony,Int64,1,dial_attempt,"count(rows with network_response=not_reachable in (as_of-W, as_of] on occurred_at; only rows with received_at <= as_of, W=1); 0 if none",How often the line reports 'not_reachable': persistence of one outcome hints at line state (e.g. repeated switched_off) rather than borrower behaviour.,0 when no attempts in window.,Attempts with network_response=not_reachable in the last 1d.
n_does_not_exist_1d,telephony,Int64,1,dial_attempt,"count(rows with network_response=does_not_exist in (as_of-W, as_of] on occurred_at; only rows with received_at <= as_of, W=1); 0 if none",How often the line reports 'does_not_exist': persistence of one outcome hints at line state (e.g. repeated switched_off) rather than borrower behaviour.,0 when no attempts in window.,Attempts with network_response=does_not_exist in the last 1d.
n_no_answer_1d,telephony,Int64,1,dial_attempt,"count(rows with network_response=no_answer in (as_of-W, as_of] on occurred_at; only rows with received_at <= as_of, W=1); 0 if none",How often the line reports 'no_answer': persistence of one outcome hints at line state (e.g. repeated switched_off) rather than borrower behaviour.,0 when no attempts in window.,Attempts with network_response=no_answer in the last 1d.
n_busy_1d,telephony,Int64,1,dial_attempt,"count(rows with network_response=busy in (as_of-W, as_of] on occurred_at; only rows with received_at <= as_of, W=1); 0 if none",How often the line reports 'busy': persistence of one outcome hints at line state (e.g. repeated switched_off) rather than borrower behaviour.,0 when no attempts in window.,Attempts with network_response=busy in the last 1d.
n_attempts_morning_1d,telephony,Int64,1,dial_attempt,"count(rows with network_response=attempts_morning in (as_of-W, as_of] on occurred_at; only rows with received_at <= as_of, W=1); 0 if none",How often the line reports 'attempts_morning': persistence of one outcome hints at line state (e.g. repeated switched_off) rather than borrower behaviour.,0 when no attempts in window.,Attempts placed in the morning slot (IST) in 1d.
n_attempts_afternoon_1d,telephony,Int64,1,dial_attempt,"count(rows with network_response=attempts_afternoon in (as_of-W, as_of] on occurred_at; only rows with received_at <= as_of, W=1); 0 if none",How often the line reports 'attempts_afternoon': persistence of one outcome hints at line state (e.g. repeated switched_off) rather than borrower behaviour.,0 when no attempts in window.,Attempts placed in the afternoon slot (IST) in 1d.
n_attempts_evening_1d,telephony,Int64,1,dial_attempt,"count(rows with network_response=attempts_evening in (as_of-W, as_of] on occurred_at; only rows with received_at <= as_of, W=1); 0 if none",How often the line reports 'attempts_evening': persistence of one outcome hints at line state (e.g. repeated switched_off) rather than borrower behaviour.,0 when no attempts in window.,Attempts placed in the evening slot (IST) in 1d.
answer_rate_morning_1d,telephony,Float64,1,dial_attempt,answered over the last 1d/attempts over the last 1d restricted to the morning IST slot; null if slot empty,Best time to call this number; the actionable output of slot analysis.,null when no attempts in that slot and window.,Answered share within the morning slot (IST) over 1d.
answer_rate_afternoon_1d,telephony,Float64,1,dial_attempt,answered over the last 1d/attempts over the last 1d restricted to the afternoon IST slot; null if slot empty,Best time to call this number; the actionable output of slot analysis.,null when no attempts in that slot and window.,Answered share within the afternoon slot (IST) over 1d.
answer_rate_evening_1d,telephony,Float64,1,dial_attempt,answered over the last 1d/attempts over the last 1d restricted to the evening IST slot; null if slot empty,Best time to call this number; the actionable output of slot analysis.,null when no attempts in that slot and window.,Answered share within the evening slot (IST) over 1d.
weekend_attempt_share_1d,telephony,Float64,1,dial_attempt,share of window attempts on Sat/Sun IST; null if window empty,Weekend vs weekday reachability skew for this number.,null when no attempts in window.,Share of attempts on Sat/Sun (IST) over 1d.
ring_seconds_mean_1d,telephony,Float64,1,dial_attempt,"mean(ring_seconds) in (as_of-W, as_of] on occurred_at; only rows with received_at <= as_of, W=1; null if window empty","Typical ring time: very short means instant reject/VoIP drop, very long means unanswered ringing.",null when no attempts in window.,Mean ring_seconds over 1d.
ring_seconds_std_1d,telephony,Float64,1,dial_attempt,"sample std of ring_seconds in (as_of-W, as_of] on occurred_at; only rows with received_at <= as_of, W=1; null with <2 attempts",Volatility of ring behaviour; stable patterns suggest a fixed line state.,null with fewer than 2 attempts in window.,Sample std of ring_seconds over 1d.
short_ring_rate_1d,telephony,Float64,1,dial_attempt,share of window attempts with ring_seconds below configs short_ring_seconds; null if empty,"Immediate-reject rate: hang-ups at pickup, an avoidance cue.",null when no attempts in window.,Share of attempts with ring_seconds below configs short_ring_seconds.
n_attempts_3d,telephony,Int64,3,dial_attempt,"count(dial_attempt rows with occurred_at in (as_of-W, as_of] on occurred_at; only rows with received_at <= as_of, W=3) per contact point; 0 if none",Dial pressure on this number: high counts with no answers suggest a dead or avoided line.,0 when no attempts in window.,Dial attempts with occurred_at in the last 3d.
n_answered_3d,telephony,Int64,3,dial_attempt,"count(rows with network_response=answered in (as_of-W, as_of] on occurred_at; only rows with received_at <= as_of, W=3); 0 if none",Recent pickups: the single strongest positive signal a number still reaches someone.,0 when no attempts in window.,Attempts with network_response=answered in the last 3d.
answer_rate_3d,telephony,Float64,3,dial_attempt,n_answered over the last 3d/n_attempts over the last 3d; null if denominator is 0 (never 0-imputed),"Recent reachability rate; null means 'no attempts', which differs from measured zero.",null when no attempts in window (never 0-imputed).,n_answered / n_attempts over the last 3d.
n_switched_off_3d,telephony,Int64,3,dial_attempt,"count(rows with network_response=switched_off in (as_of-W, as_of] on occurred_at; only rows with received_at <= as_of, W=3); 0 if none",How often the line reports 'switched_off': persistence of one outcome hints at line state (e.g. repeated switched_off) rather than borrower behaviour.,0 when no attempts in window.,Attempts with network_response=switched_off in the last 3d.
n_not_reachable_3d,telephony,Int64,3,dial_attempt,"count(rows with network_response=not_reachable in (as_of-W, as_of] on occurred_at; only rows with received_at <= as_of, W=3); 0 if none",How often the line reports 'not_reachable': persistence of one outcome hints at line state (e.g. repeated switched_off) rather than borrower behaviour.,0 when no attempts in window.,Attempts with network_response=not_reachable in the last 3d.
n_does_not_exist_3d,telephony,Int64,3,dial_attempt,"count(rows with network_response=does_not_exist in (as_of-W, as_of] on occurred_at; only rows with received_at <= as_of, W=3); 0 if none",How often the line reports 'does_not_exist': persistence of one outcome hints at line state (e.g. repeated switched_off) rather than borrower behaviour.,0 when no attempts in window.,Attempts with network_response=does_not_exist in the last 3d.
n_no_answer_3d,telephony,Int64,3,dial_attempt,"count(rows with network_response=no_answer in (as_of-W, as_of] on occurred_at; only rows with received_at <= as_of, W=3); 0 if none",How often the line reports 'no_answer': persistence of one outcome hints at line state (e.g. repeated switched_off) rather than borrower behaviour.,0 when no attempts in window.,Attempts with network_response=no_answer in the last 3d.
n_busy_3d,telephony,Int64,3,dial_attempt,"count(rows with network_response=busy in (as_of-W, as_of] on occurred_at; only rows with received_at <= as_of, W=3); 0 if none",How often the line reports 'busy': persistence of one outcome hints at line state (e.g. repeated switched_off) rather than borrower behaviour.,0 when no attempts in window.,Attempts with network_response=busy in the last 3d.
n_attempts_morning_3d,telephony,Int64,3,dial_attempt,"count(rows with network_response=attempts_morning in (as_of-W, as_of] on occurred_at; only rows with received_at <= as_of, W=3); 0 if none",How often the line reports 'attempts_morning': persistence of one outcome hints at line state (e.g. repeated switched_off) rather than borrower behaviour.,0 when no attempts in window.,Attempts placed in the morning slot (IST) in 3d.
n_attempts_afternoon_3d,telephony,Int64,3,dial_attempt,"count(rows with network_response=attempts_afternoon in (as_of-W, as_of] on occurred_at; only rows with received_at <= as_of, W=3); 0 if none",How often the line reports 'attempts_afternoon': persistence of one outcome hints at line state (e.g. repeated switched_off) rather than borrower behaviour.,0 when no attempts in window.,Attempts placed in the afternoon slot (IST) in 3d.
n_attempts_evening_3d,telephony,Int64,3,dial_attempt,"count(rows with network_response=attempts_evening in (as_of-W, as_of] on occurred_at; only rows with received_at <= as_of, W=3); 0 if none",How often the line reports 'attempts_evening': persistence of one outcome hints at line state (e.g. repeated switched_off) rather than borrower behaviour.,0 when no attempts in window.,Attempts placed in the evening slot (IST) in 3d.
answer_rate_morning_3d,telephony,Float64,3,dial_attempt,answered over the last 3d/attempts over the last 3d restricted to the morning IST slot; null if slot empty,Best time to call this number; the actionable output of slot analysis.,null when no attempts in that slot and window.,Answered share within the morning slot (IST) over 3d.
answer_rate_afternoon_3d,telephony,Float64,3,dial_attempt,answered over the last 3d/attempts over the last 3d restricted to the afternoon IST slot; null if slot empty,Best time to call this number; the actionable output of slot analysis.,null when no attempts in that slot and window.,Answered share within the afternoon slot (IST) over 3d.
answer_rate_evening_3d,telephony,Float64,3,dial_attempt,answered over the last 3d/attempts over the last 3d restricted to the evening IST slot; null if slot empty,Best time to call this number; the actionable output of slot analysis.,null when no attempts in that slot and window.,Answered share within the evening slot (IST) over 3d.
weekend_attempt_share_3d,telephony,Float64,3,dial_attempt,share of window attempts on Sat/Sun IST; null if window empty,Weekend vs weekday reachability skew for this number.,null when no attempts in window.,Share of attempts on Sat/Sun (IST) over 3d.
ring_seconds_mean_3d,telephony,Float64,3,dial_attempt,"mean(ring_seconds) in (as_of-W, as_of] on occurred_at; only rows with received_at <= as_of, W=3; null if window empty","Typical ring time: very short means instant reject/VoIP drop, very long means unanswered ringing.",null when no attempts in window.,Mean ring_seconds over 3d.
ring_seconds_std_3d,telephony,Float64,3,dial_attempt,"sample std of ring_seconds in (as_of-W, as_of] on occurred_at; only rows with received_at <= as_of, W=3; null with <2 attempts",Volatility of ring behaviour; stable patterns suggest a fixed line state.,null with fewer than 2 attempts in window.,Sample std of ring_seconds over 3d.
short_ring_rate_3d,telephony,Float64,3,dial_attempt,share of window attempts with ring_seconds below configs short_ring_seconds; null if empty,"Immediate-reject rate: hang-ups at pickup, an avoidance cue.",null when no attempts in window.,Share of attempts with ring_seconds below configs short_ring_seconds.
n_attempts_7d,telephony,Int64,7,dial_attempt,"count(dial_attempt rows with occurred_at in (as_of-W, as_of] on occurred_at; only rows with received_at <= as_of, W=7) per contact point; 0 if none",Dial pressure on this number: high counts with no answers suggest a dead or avoided line.,0 when no attempts in window.,Dial attempts with occurred_at in the last 7d.
n_answered_7d,telephony,Int64,7,dial_attempt,"count(rows with network_response=answered in (as_of-W, as_of] on occurred_at; only rows with received_at <= as_of, W=7); 0 if none",Recent pickups: the single strongest positive signal a number still reaches someone.,0 when no attempts in window.,Attempts with network_response=answered in the last 7d.
answer_rate_7d,telephony,Float64,7,dial_attempt,n_answered over the last 7d/n_attempts over the last 7d; null if denominator is 0 (never 0-imputed),"Recent reachability rate; null means 'no attempts', which differs from measured zero.",null when no attempts in window (never 0-imputed).,n_answered / n_attempts over the last 7d.
n_switched_off_7d,telephony,Int64,7,dial_attempt,"count(rows with network_response=switched_off in (as_of-W, as_of] on occurred_at; only rows with received_at <= as_of, W=7); 0 if none",How often the line reports 'switched_off': persistence of one outcome hints at line state (e.g. repeated switched_off) rather than borrower behaviour.,0 when no attempts in window.,Attempts with network_response=switched_off in the last 7d.
n_not_reachable_7d,telephony,Int64,7,dial_attempt,"count(rows with network_response=not_reachable in (as_of-W, as_of] on occurred_at; only rows with received_at <= as_of, W=7); 0 if none",How often the line reports 'not_reachable': persistence of one outcome hints at line state (e.g. repeated switched_off) rather than borrower behaviour.,0 when no attempts in window.,Attempts with network_response=not_reachable in the last 7d.
n_does_not_exist_7d,telephony,Int64,7,dial_attempt,"count(rows with network_response=does_not_exist in (as_of-W, as_of] on occurred_at; only rows with received_at <= as_of, W=7); 0 if none",How often the line reports 'does_not_exist': persistence of one outcome hints at line state (e.g. repeated switched_off) rather than borrower behaviour.,0 when no attempts in window.,Attempts with network_response=does_not_exist in the last 7d.
n_no_answer_7d,telephony,Int64,7,dial_attempt,"count(rows with network_response=no_answer in (as_of-W, as_of] on occurred_at; only rows with received_at <= as_of, W=7); 0 if none",How often the line reports 'no_answer': persistence of one outcome hints at line state (e.g. repeated switched_off) rather than borrower behaviour.,0 when no attempts in window.,Attempts with network_response=no_answer in the last 7d.
n_busy_7d,telephony,Int64,7,dial_attempt,"count(rows with network_response=busy in (as_of-W, as_of] on occurred_at; only rows with received_at <= as_of, W=7); 0 if none",How often the line reports 'busy': persistence of one outcome hints at line state (e.g. repeated switched_off) rather than borrower behaviour.,0 when no attempts in window.,Attempts with network_response=busy in the last 7d.
n_attempts_morning_7d,telephony,Int64,7,dial_attempt,"count(rows with network_response=attempts_morning in (as_of-W, as_of] on occurred_at; only rows with received_at <= as_of, W=7); 0 if none",How often the line reports 'attempts_morning': persistence of one outcome hints at line state (e.g. repeated switched_off) rather than borrower behaviour.,0 when no attempts in window.,Attempts placed in the morning slot (IST) in 7d.
n_attempts_afternoon_7d,telephony,Int64,7,dial_attempt,"count(rows with network_response=attempts_afternoon in (as_of-W, as_of] on occurred_at; only rows with received_at <= as_of, W=7); 0 if none",How often the line reports 'attempts_afternoon': persistence of one outcome hints at line state (e.g. repeated switched_off) rather than borrower behaviour.,0 when no attempts in window.,Attempts placed in the afternoon slot (IST) in 7d.
n_attempts_evening_7d,telephony,Int64,7,dial_attempt,"count(rows with network_response=attempts_evening in (as_of-W, as_of] on occurred_at; only rows with received_at <= as_of, W=7); 0 if none",How often the line reports 'attempts_evening': persistence of one outcome hints at line state (e.g. repeated switched_off) rather than borrower behaviour.,0 when no attempts in window.,Attempts placed in the evening slot (IST) in 7d.
answer_rate_morning_7d,telephony,Float64,7,dial_attempt,answered over the last 7d/attempts over the last 7d restricted to the morning IST slot; null if slot empty,Best time to call this number; the actionable output of slot analysis.,null when no attempts in that slot and window.,Answered share within the morning slot (IST) over 7d.
answer_rate_afternoon_7d,telephony,Float64,7,dial_attempt,answered over the last 7d/attempts over the last 7d restricted to the afternoon IST slot; null if slot empty,Best time to call this number; the actionable output of slot analysis.,null when no attempts in that slot and window.,Answered share within the afternoon slot (IST) over 7d.
answer_rate_evening_7d,telephony,Float64,7,dial_attempt,answered over the last 7d/attempts over the last 7d restricted to the evening IST slot; null if slot empty,Best time to call this number; the actionable output of slot analysis.,null when no attempts in that slot and window.,Answered share within the evening slot (IST) over 7d.
weekend_attempt_share_7d,telephony,Float64,7,dial_attempt,share of window attempts on Sat/Sun IST; null if window empty,Weekend vs weekday reachability skew for this number.,null when no attempts in window.,Share of attempts on Sat/Sun (IST) over 7d.
ring_seconds_mean_7d,telephony,Float64,7,dial_attempt,"mean(ring_seconds) in (as_of-W, as_of] on occurred_at; only rows with received_at <= as_of, W=7; null if window empty","Typical ring time: very short means instant reject/VoIP drop, very long means unanswered ringing.",null when no attempts in window.,Mean ring_seconds over 7d.
ring_seconds_std_7d,telephony,Float64,7,dial_attempt,"sample std of ring_seconds in (as_of-W, as_of] on occurred_at; only rows with received_at <= as_of, W=7; null with <2 attempts",Volatility of ring behaviour; stable patterns suggest a fixed line state.,null with fewer than 2 attempts in window.,Sample std of ring_seconds over 7d.
short_ring_rate_7d,telephony,Float64,7,dial_attempt,share of window attempts with ring_seconds below configs short_ring_seconds; null if empty,"Immediate-reject rate: hang-ups at pickup, an avoidance cue.",null when no attempts in window.,Share of attempts with ring_seconds below configs short_ring_seconds.
n_attempts_14d,telephony,Int64,14,dial_attempt,"count(dial_attempt rows with occurred_at in (as_of-W, as_of] on occurred_at; only rows with received_at <= as_of, W=14) per contact point; 0 if none",Dial pressure on this number: high counts with no answers suggest a dead or avoided line.,0 when no attempts in window.,Dial attempts with occurred_at in the last 14d.
n_answered_14d,telephony,Int64,14,dial_attempt,"count(rows with network_response=answered in (as_of-W, as_of] on occurred_at; only rows with received_at <= as_of, W=14); 0 if none",Recent pickups: the single strongest positive signal a number still reaches someone.,0 when no attempts in window.,Attempts with network_response=answered in the last 14d.
answer_rate_14d,telephony,Float64,14,dial_attempt,n_answered over the last 14d/n_attempts over the last 14d; null if denominator is 0 (never 0-imputed),"Recent reachability rate; null means 'no attempts', which differs from measured zero.",null when no attempts in window (never 0-imputed).,n_answered / n_attempts over the last 14d.
n_switched_off_14d,telephony,Int64,14,dial_attempt,"count(rows with network_response=switched_off in (as_of-W, as_of] on occurred_at; only rows with received_at <= as_of, W=14); 0 if none",How often the line reports 'switched_off': persistence of one outcome hints at line state (e.g. repeated switched_off) rather than borrower behaviour.,0 when no attempts in window.,Attempts with network_response=switched_off in the last 14d.
n_not_reachable_14d,telephony,Int64,14,dial_attempt,"count(rows with network_response=not_reachable in (as_of-W, as_of] on occurred_at; only rows with received_at <= as_of, W=14); 0 if none",How often the line reports 'not_reachable': persistence of one outcome hints at line state (e.g. repeated switched_off) rather than borrower behaviour.,0 when no attempts in window.,Attempts with network_response=not_reachable in the last 14d.
n_does_not_exist_14d,telephony,Int64,14,dial_attempt,"count(rows with network_response=does_not_exist in (as_of-W, as_of] on occurred_at; only rows with received_at <= as_of, W=14); 0 if none",How often the line reports 'does_not_exist': persistence of one outcome hints at line state (e.g. repeated switched_off) rather than borrower behaviour.,0 when no attempts in window.,Attempts with network_response=does_not_exist in the last 14d.
n_no_answer_14d,telephony,Int64,14,dial_attempt,"count(rows with network_response=no_answer in (as_of-W, as_of] on occurred_at; only rows with received_at <= as_of, W=14); 0 if none",How often the line reports 'no_answer': persistence of one outcome hints at line state (e.g. repeated switched_off) rather than borrower behaviour.,0 when no attempts in window.,Attempts with network_response=no_answer in the last 14d.
n_busy_14d,telephony,Int64,14,dial_attempt,"count(rows with network_response=busy in (as_of-W, as_of] on occurred_at; only rows with received_at <= as_of, W=14); 0 if none",How often the line reports 'busy': persistence of one outcome hints at line state (e.g. repeated switched_off) rather than borrower behaviour.,0 when no attempts in window.,Attempts with network_response=busy in the last 14d.
n_attempts_morning_14d,telephony,Int64,14,dial_attempt,"count(rows with network_response=attempts_morning in (as_of-W, as_of] on occurred_at; only rows with received_at <= as_of, W=14); 0 if none",How often the line reports 'attempts_morning': persistence of one outcome hints at line state (e.g. repeated switched_off) rather than borrower behaviour.,0 when no attempts in window.,Attempts placed in the morning slot (IST) in 14d.
n_attempts_afternoon_14d,telephony,Int64,14,dial_attempt,"count(rows with network_response=attempts_afternoon in (as_of-W, as_of] on occurred_at; only rows with received_at <= as_of, W=14); 0 if none",How often the line reports 'attempts_afternoon': persistence of one outcome hints at line state (e.g. repeated switched_off) rather than borrower behaviour.,0 when no attempts in window.,Attempts placed in the afternoon slot (IST) in 14d.
n_attempts_evening_14d,telephony,Int64,14,dial_attempt,"count(rows with network_response=attempts_evening in (as_of-W, as_of] on occurred_at; only rows with received_at <= as_of, W=14); 0 if none",How often the line reports 'attempts_evening': persistence of one outcome hints at line state (e.g. repeated switched_off) rather than borrower behaviour.,0 when no attempts in window.,Attempts placed in the evening slot (IST) in 14d.
answer_rate_morning_14d,telephony,Float64,14,dial_attempt,answered over the last 14d/attempts over the last 14d restricted to the morning IST slot; null if slot empty,Best time to call this number; the actionable output of slot analysis.,null when no attempts in that slot and window.,Answered share within the morning slot (IST) over 14d.
answer_rate_afternoon_14d,telephony,Float64,14,dial_attempt,answered over the last 14d/attempts over the last 14d restricted to the afternoon IST slot; null if slot empty,Best time to call this number; the actionable output of slot analysis.,null when no attempts in that slot and window.,Answered share within the afternoon slot (IST) over 14d.
answer_rate_evening_14d,telephony,Float64,14,dial_attempt,answered over the last 14d/attempts over the last 14d restricted to the evening IST slot; null if slot empty,Best time to call this number; the actionable output of slot analysis.,null when no attempts in that slot and window.,Answered share within the evening slot (IST) over 14d.
weekend_attempt_share_14d,telephony,Float64,14,dial_attempt,share of window attempts on Sat/Sun IST; null if window empty,Weekend vs weekday reachability skew for this number.,null when no attempts in window.,Share of attempts on Sat/Sun (IST) over 14d.
ring_seconds_mean_14d,telephony,Float64,14,dial_attempt,"mean(ring_seconds) in (as_of-W, as_of] on occurred_at; only rows with received_at <= as_of, W=14; null if window empty","Typical ring time: very short means instant reject/VoIP drop, very long means unanswered ringing.",null when no attempts in window.,Mean ring_seconds over 14d.
ring_seconds_std_14d,telephony,Float64,14,dial_attempt,"sample std of ring_seconds in (as_of-W, as_of] on occurred_at; only rows with received_at <= as_of, W=14; null with <2 attempts",Volatility of ring behaviour; stable patterns suggest a fixed line state.,null with fewer than 2 attempts in window.,Sample std of ring_seconds over 14d.
short_ring_rate_14d,telephony,Float64,14,dial_attempt,share of window attempts with ring_seconds below configs short_ring_seconds; null if empty,"Immediate-reject rate: hang-ups at pickup, an avoidance cue.",null when no attempts in window.,Share of attempts with ring_seconds below configs short_ring_seconds.
n_attempts_30d,telephony,Int64,30,dial_attempt,"count(dial_attempt rows with occurred_at in (as_of-W, as_of] on occurred_at; only rows with received_at <= as_of, W=30) per contact point; 0 if none",Dial pressure on this number: high counts with no answers suggest a dead or avoided line.,0 when no attempts in window.,Dial attempts with occurred_at in the last 30d.
n_answered_30d,telephony,Int64,30,dial_attempt,"count(rows with network_response=answered in (as_of-W, as_of] on occurred_at; only rows with received_at <= as_of, W=30); 0 if none",Recent pickups: the single strongest positive signal a number still reaches someone.,0 when no attempts in window.,Attempts with network_response=answered in the last 30d.
answer_rate_30d,telephony,Float64,30,dial_attempt,n_answered over the last 30d/n_attempts over the last 30d; null if denominator is 0 (never 0-imputed),"Recent reachability rate; null means 'no attempts', which differs from measured zero.",null when no attempts in window (never 0-imputed).,n_answered / n_attempts over the last 30d.
n_switched_off_30d,telephony,Int64,30,dial_attempt,"count(rows with network_response=switched_off in (as_of-W, as_of] on occurred_at; only rows with received_at <= as_of, W=30); 0 if none",How often the line reports 'switched_off': persistence of one outcome hints at line state (e.g. repeated switched_off) rather than borrower behaviour.,0 when no attempts in window.,Attempts with network_response=switched_off in the last 30d.
n_not_reachable_30d,telephony,Int64,30,dial_attempt,"count(rows with network_response=not_reachable in (as_of-W, as_of] on occurred_at; only rows with received_at <= as_of, W=30); 0 if none",How often the line reports 'not_reachable': persistence of one outcome hints at line state (e.g. repeated switched_off) rather than borrower behaviour.,0 when no attempts in window.,Attempts with network_response=not_reachable in the last 30d.
n_does_not_exist_30d,telephony,Int64,30,dial_attempt,"count(rows with network_response=does_not_exist in (as_of-W, as_of] on occurred_at; only rows with received_at <= as_of, W=30); 0 if none",How often the line reports 'does_not_exist': persistence of one outcome hints at line state (e.g. repeated switched_off) rather than borrower behaviour.,0 when no attempts in window.,Attempts with network_response=does_not_exist in the last 30d.
n_no_answer_30d,telephony,Int64,30,dial_attempt,"count(rows with network_response=no_answer in (as_of-W, as_of] on occurred_at; only rows with received_at <= as_of, W=30); 0 if none",How often the line reports 'no_answer': persistence of one outcome hints at line state (e.g. repeated switched_off) rather than borrower behaviour.,0 when no attempts in window.,Attempts with network_response=no_answer in the last 30d.
n_busy_30d,telephony,Int64,30,dial_attempt,"count(rows with network_response=busy in (as_of-W, as_of] on occurred_at; only rows with received_at <= as_of, W=30); 0 if none",How often the line reports 'busy': persistence of one outcome hints at line state (e.g. repeated switched_off) rather than borrower behaviour.,0 when no attempts in window.,Attempts with network_response=busy in the last 30d.
n_attempts_morning_30d,telephony,Int64,30,dial_attempt,"count(rows with network_response=attempts_morning in (as_of-W, as_of] on occurred_at; only rows with received_at <= as_of, W=30); 0 if none",How often the line reports 'attempts_morning': persistence of one outcome hints at line state (e.g. repeated switched_off) rather than borrower behaviour.,0 when no attempts in window.,Attempts placed in the morning slot (IST) in 30d.
n_attempts_afternoon_30d,telephony,Int64,30,dial_attempt,"count(rows with network_response=attempts_afternoon in (as_of-W, as_of] on occurred_at; only rows with received_at <= as_of, W=30); 0 if none",How often the line reports 'attempts_afternoon': persistence of one outcome hints at line state (e.g. repeated switched_off) rather than borrower behaviour.,0 when no attempts in window.,Attempts placed in the afternoon slot (IST) in 30d.
n_attempts_evening_30d,telephony,Int64,30,dial_attempt,"count(rows with network_response=attempts_evening in (as_of-W, as_of] on occurred_at; only rows with received_at <= as_of, W=30); 0 if none",How often the line reports 'attempts_evening': persistence of one outcome hints at line state (e.g. repeated switched_off) rather than borrower behaviour.,0 when no attempts in window.,Attempts placed in the evening slot (IST) in 30d.
answer_rate_morning_30d,telephony,Float64,30,dial_attempt,answered over the last 30d/attempts over the last 30d restricted to the morning IST slot; null if slot empty,Best time to call this number; the actionable output of slot analysis.,null when no attempts in that slot and window.,Answered share within the morning slot (IST) over 30d.
answer_rate_afternoon_30d,telephony,Float64,30,dial_attempt,answered over the last 30d/attempts over the last 30d restricted to the afternoon IST slot; null if slot empty,Best time to call this number; the actionable output of slot analysis.,null when no attempts in that slot and window.,Answered share within the afternoon slot (IST) over 30d.
answer_rate_evening_30d,telephony,Float64,30,dial_attempt,answered over the last 30d/attempts over the last 30d restricted to the evening IST slot; null if slot empty,Best time to call this number; the actionable output of slot analysis.,null when no attempts in that slot and window.,Answered share within the evening slot (IST) over 30d.
weekend_attempt_share_30d,telephony,Float64,30,dial_attempt,share of window attempts on Sat/Sun IST; null if window empty,Weekend vs weekday reachability skew for this number.,null when no attempts in window.,Share of attempts on Sat/Sun (IST) over 30d.
ring_seconds_mean_30d,telephony,Float64,30,dial_attempt,"mean(ring_seconds) in (as_of-W, as_of] on occurred_at; only rows with received_at <= as_of, W=30; null if window empty","Typical ring time: very short means instant reject/VoIP drop, very long means unanswered ringing.",null when no attempts in window.,Mean ring_seconds over 30d.
ring_seconds_std_30d,telephony,Float64,30,dial_attempt,"sample std of ring_seconds in (as_of-W, as_of] on occurred_at; only rows with received_at <= as_of, W=30; null with <2 attempts",Volatility of ring behaviour; stable patterns suggest a fixed line state.,null with fewer than 2 attempts in window.,Sample std of ring_seconds over 30d.
short_ring_rate_30d,telephony,Float64,30,dial_attempt,share of window attempts with ring_seconds below configs short_ring_seconds; null if empty,"Immediate-reject rate: hang-ups at pickup, an avoidance cue.",null when no attempts in window.,Share of attempts with ring_seconds below configs short_ring_seconds.
last_response_type,telephony,string,,dial_attempt,latest network_response by occurred_at; null if never attempted,Current line condition in one value; the freshest telephony signal.,null when never attempted.,Most recent network_response (by occurred_at).
consecutive_failures,telephony,Int64,,dial_attempt,"trailing run of non-answered responses since last answer; 0 if last attempt answered, null if never attempted",How long this number has been silent: the core stale-line counter for backoff and move-on decisions.,null when never attempted; 0 when the last attempt was answered.,Trailing run of non-answered responses since the last answer.
consecutive_same_response,telephony,Int64,,dial_attempt,trailing run length of the latest response value; null if never attempted,Stuck-pattern detector: long runs of one outcome (e.g. 9x switched_off) argue line state over borrower mood.,null when never attempted.,Trailing run length of the latest network_response value.
days_since_first_attempt,telephony,Int64,,dial_attempt,as_of date minus first visible attempt date; null if never attempted,How long we have been trying this number: exposure age.,null when never attempted.,"Days from first visible attempt to as_of (date-based, UTC)."
days_since_last_attempt,telephony,Int64,,dial_attempt,as_of date minus last visible attempt date; null if never attempted,Recency of last try: drives retry timing and evidence decay.,null when never attempted.,Days from last visible attempt to as_of.
days_since_last_answer,telephony,Int64,,dial_attempt,as_of date minus last answered attempt; null if never answered,Recency of last proof-of-life on this number.,null when never answered.,Days from last answered attempt to as_of.
days_since_last_rpc,telephony,Int64,,disposition,as_of date minus last rpc-family disposition; null if none visible,Recency of last confirmed borrower contact on this number.,null when no RPC disposition is visible.,Days from last RPC disposition to as_of.
mean_gap_between_attempts_days,telephony,Float64,,dial_attempt,mean gap between consecutive visible attempts; null with <2 attempts,Dial cadence on this number: distinguishes steady pursuit from burst-and-abandon.,null with fewer than 2 attempts.,Mean gap in days between consecutive visible attempts.
system_fail_rate_on_last_attempt_day,telephony,Float64,,dial_attempt,portfolio-wide failure share on the IST date of this point's last attempt; null if never attempted,"Discounts dialer-outage days: a failure shared by everyone is infrastructure, not the borrower.",null when never attempted.,"Portfolio-wide failure share on the IST date of this contact point's last attempt, so models can discount dialer outages."
n_rpc,disposition,Int64,,disposition,"all-time count of dispositions with value in the rpc family (RPC, promise_to_pay, callback, dispute) with received_at <= as_of; 0 if none",Cumulative agent-recorded evidence of this outcome on the number; wrong_number and third_party counts are recycled/third-party risk inputs.,0 when no visible dispositions.,Visible dispositions with value rpc (all-time).
n_wrong_number,disposition,Int64,,disposition,all-time count of dispositions with value wrong_number with received_at <= as_of; 0 if none,Cumulative agent-recorded evidence of this outcome on the number; wrong_number and third_party counts are recycled/third-party risk inputs.,0 when no visible dispositions.,Visible dispositions with value wrong_number (all-time).
n_third_party,disposition,Int64,,disposition,all-time count of disposition third_party_contact mapped to third_party with received_at <= as_of; 0 if none,Cumulative agent-recorded evidence of this outcome on the number; wrong_number and third_party counts are recycled/third-party risk inputs.,0 when no visible dispositions.,Visible dispositions with value third_party (all-time).
n_dispute,disposition,Int64,,disposition,all-time count of dispositions with value rpc_dispute mapped to dispute with received_at <= as_of; 0 if none,Cumulative agent-recorded evidence of this outcome on the number; wrong_number and third_party counts are recycled/third-party risk inputs.,0 when no visible dispositions.,Visible dispositions with value dispute (all-time).
n_promise_to_pay,disposition,Int64,,disposition,all-time count of dispositions with value rpc_ptp mapped to promise_to_pay with received_at <= as_of; 0 if none,Cumulative agent-recorded evidence of this outcome on the number; wrong_number and third_party counts are recycled/third-party risk inputs.,0 when no visible dispositions.,Visible dispositions with value promise_to_pay (all-time).
n_callback,disposition,Int64,,disposition,all-time count of dispositions with value rpc_call_back mapped to callback with received_at <= as_of; 0 if none,Cumulative agent-recorded evidence of this outcome on the number; wrong_number and third_party counts are recycled/third-party risk inputs.,0 when no visible dispositions.,Visible dispositions with value callback (all-time).
n_switched_off,disposition,Int64,,disposition,all-time count of dispositions with value switched_off with received_at <= as_of; 0 if none,Cumulative agent-recorded evidence of this outcome on the number; wrong_number and third_party counts are recycled/third-party risk inputs.,0 when no visible dispositions.,Visible dispositions with value switched_off (all-time).
n_not_reachable,disposition,Int64,,disposition,all-time count of dispositions with value not_reachable with received_at <= as_of; 0 if none,Cumulative agent-recorded evidence of this outcome on the number; wrong_number and third_party counts are recycled/third-party risk inputs.,0 when no visible dispositions.,Visible dispositions with value not_reachable (all-time).
wrong_number_rate,disposition,Float64,,disposition,n_wrong_number / all visible dispositions; null if none,Share of agent outcomes saying wrong number: high values flag recycled or mis-recorded lines.,null when no visible dispositions.,n_wrong_number / all visible dispositions.
last_disposition,disposition,string,,disposition,latest disposition value by occurred_at; null if none,Freshest human judgment on the number.,null when no visible dispositions.,Most recent disposition value (by occurred_at).
days_since_last_disposition,disposition,Int64,,disposition,as_of date minus latest disposition date; null if none,How stale the human evidence is.,null when no visible dispositions.,Days from last visible disposition to as_of.
remark_switchedoff_cue_count,text,Int64,,disposition,rows whose remark matches switched-off phrasing (Hindi/Kannada/English regexes); summed per contact point,"Agent-note evidence the line is switched off, including duration hints the codes miss.",0 when no remarks mention it (never null when dispositions exist; 0 also when no dispositions).,Remarks matching switched-off phrasing (Hinglish patterns).
remark_wrongnumber_cue_count,text,Int64,,disposition,rows whose remark matches wrong-number phrasing; summed,Agent-note evidence of wrong/new-owner number (recycled signal).,0 when no match.,Remarks matching wrong-number phrasing.
remark_thirdparty_cue_count,text,Int64,,disposition,rows whose remark matches third-party-answer phrasing; summed,Agent-note evidence someone else answers (kin/office mentions).,0 when no match.,Remarks matching third-party-answer phrasing.
remark_avoidance_cue_count,text,Int64,,disposition,"rows matching observable dodge phrasing (call-cut, refuse, later); summed","Agent-note evidence of active avoidance, kept strictly to observable phrasing.",0 when no match.,Remarks matching observable avoidance phrasing.
switched_off_months_max,text,Int64,,disposition,max months parsed from duration phrases like 'band hai 2 mahine se' / 'eradu tingalinda' (digits + Hindi/Kannada numerals x month/year units); null if none found,How long the line is reported dead: separates temporarily-off from long-dead numbers.,null when no duration phrase is found.,Max months extracted from phrases like 'number band hai 2 mahine se'.
n_borrowers_sharing_cp,shared,Int64,,contact_point_update,distinct borrower_ids sharing this contact_point_ref within the lender,"Shared-number flag: shared lines (employer/reference reuse, recycled collisions) answer differently and need lender-local handling.",Always >= 1 for rows in the universe.,Distinct borrowers sharing this contact_point_ref within the same lender.
is_shared,shared,boolean,,contact_point_update,true when n_borrowers_sharing_cp > 1; never null,Boolean gate for shared-number logic downstream.,Never null.,True when >1 borrower shares this ref within the lender.
n_phone_cps_for_borrower,shared,Int64,,contact_point_update,count of this borrower's phone contact points known at as_of; >=1,How many numbers exist to fall back on; single-number borrowers have no move-on option.,Always >= 1 for phone rows.,Phone contact points of this borrower known at as_of.
cp_rank_within_borrower,shared,Int64,,contact_point_update,"1-based rank by earliest-known time, ties by ref; never null",Seniority of this number in the borrower's file; rank-1 is usually the KYC primary.,1-based; never null.,Rank of this contact point within the borrower by earliest-known time (ties broken by ref).
is_primary,shared,boolean,,contact_point_update,"latest contact_point_update is_primary when visible, else the contact-points table flag; never null",Whether dialers should try this number first.,Never null.,"Latest contact_point_update is_primary when visible, else the contact_points table flag."
connected_component_size,shared,Int64,,contact_point_update,lender-local union-find component size over borrowers linked by shared refs; >=1,"Blast radius of shared/reused numbers around this borrower (household, reference and collision clusters).",Always >= 1.,Size of the borrower's lender-local sharing component (borrowers linked by shared contact points).
source,record,string,,contact_point_update,"latest update source when visible, else contact-points table value, else 'unknown'; never null","Provenance of the number: KYC vs bureau vs skip-trace predicts staleness (bureau underperforms, traced validates well).",Never null; 'unknown' when neither table nor update gives one.,"Latest update source when visible, else the contact_points table value."
record_age_days,record,Int64,,contact_point_update,as_of date minus creation (or first-seen fallback); never null,Age of the record: older KYC numbers are more likely stale or recycled.,Never null (falls back to first-seen time).,Days from contact-point creation (or first-seen) to as_of.
days_since_last_update,record,Int64,,contact_point_update,as_of date minus latest contact_point_update; null if none,Freshness of file maintenance on this number.,null when no update event is visible.,Days from last contact_point_update to as_of.
n_updates,record,Int64,,contact_point_update,count of visible contact_point_update events; 0 if none,How actively this number's record has been maintained.,0 when no update event is visible.,Visible contact_point_update events (all-time).
confirmed_by_payment,record,boolean,,"payment, dial_attempt, disposition","true when a visible payment falls within payment_confirmation_days after an answered call or rpc-family disposition on this point; false otherwise, never null",Payment-anchored proof the number reaches the paying borrower: the strongest validity signal available.,False when there is no confirming evidence (never null).,True when a visible payment occurred within payment_confirmation_days after an answered call or RPC on this contact point.
days_since_confirmed,record,Int64,,payment,as_of date minus latest confirming payment; null if never confirmed,Recency of that proof; old confirmations decay.,null when never confirmed.,Days from the latest confirming payment to as_of.
other_lines_attempts_1d,crossline,Int64,1,dial_attempt,"borrower total attempts minus own attempts in (as_of-W, as_of] on occurred_at; only rows with received_at <= as_of, W=1; 0 if none (floored, never negative)",Dial pressure on the borrower's OTHER numbers: context for whether silence here is selective.,0 when the borrower has no other phone lines with attempts.,Attempts on the borrower's OTHER phone contact points in 1d.
other_lines_answered_1d,crossline,Int64,1,dial_attempt,"borrower answered total minus own answered in (as_of-W, as_of] on occurred_at; only rows with received_at <= as_of, W=1; 0 if none",Proof of life elsewhere: answers on sibling lines while this one stays silent is the core avoiding-vs-invalid separator.,0 when none.,Answered attempts on the borrower's other phone lines in 1d.
other_lines_answer_rate_1d,crossline,Float64,1,dial_attempt,"other answered / other attempts in (as_of-W, as_of] on occurred_at; only rows with received_at <= as_of, W=1; null if others empty",Borrower's background reachability excluding this number: the baseline this number is judged against.,null when other lines have no attempts in window.,Answer rate on the borrower's other phone lines over 1d.
n_payments_1d,crossline,Int64,1,payment,"borrower-level payment count with occurred_at in (as_of-W, as_of] on occurred_at; only rows with received_at <= as_of, W=1; 0 if none","Recent repayment activity: payers who won't pick up are avoiding, not unreachable.",0 when no visible payments in window.,Borrower-level visible payments with occurred_at in 1d.
other_lines_attempts_3d,crossline,Int64,3,dial_attempt,"borrower total attempts minus own attempts in (as_of-W, as_of] on occurred_at; only rows with received_at <= as_of, W=3; 0 if none (floored, never negative)",Dial pressure on the borrower's OTHER numbers: context for whether silence here is selective.,0 when the borrower has no other phone lines with attempts.,Attempts on the borrower's OTHER phone contact points in 3d.
other_lines_answered_3d,crossline,Int64,3,dial_attempt,"borrower answered total minus own answered in (as_of-W, as_of] on occurred_at; only rows with received_at <= as_of, W=3; 0 if none",Proof of life elsewhere: answers on sibling lines while this one stays silent is the core avoiding-vs-invalid separator.,0 when none.,Answered attempts on the borrower's other phone lines in 3d.
other_lines_answer_rate_3d,crossline,Float64,3,dial_attempt,"other answered / other attempts in (as_of-W, as_of] on occurred_at; only rows with received_at <= as_of, W=3; null if others empty",Borrower's background reachability excluding this number: the baseline this number is judged against.,null when other lines have no attempts in window.,Answer rate on the borrower's other phone lines over 3d.
n_payments_3d,crossline,Int64,3,payment,"borrower-level payment count with occurred_at in (as_of-W, as_of] on occurred_at; only rows with received_at <= as_of, W=3; 0 if none","Recent repayment activity: payers who won't pick up are avoiding, not unreachable.",0 when no visible payments in window.,Borrower-level visible payments with occurred_at in 3d.
other_lines_attempts_7d,crossline,Int64,7,dial_attempt,"borrower total attempts minus own attempts in (as_of-W, as_of] on occurred_at; only rows with received_at <= as_of, W=7; 0 if none (floored, never negative)",Dial pressure on the borrower's OTHER numbers: context for whether silence here is selective.,0 when the borrower has no other phone lines with attempts.,Attempts on the borrower's OTHER phone contact points in 7d.
other_lines_answered_7d,crossline,Int64,7,dial_attempt,"borrower answered total minus own answered in (as_of-W, as_of] on occurred_at; only rows with received_at <= as_of, W=7; 0 if none",Proof of life elsewhere: answers on sibling lines while this one stays silent is the core avoiding-vs-invalid separator.,0 when none.,Answered attempts on the borrower's other phone lines in 7d.
other_lines_answer_rate_7d,crossline,Float64,7,dial_attempt,"other answered / other attempts in (as_of-W, as_of] on occurred_at; only rows with received_at <= as_of, W=7; null if others empty",Borrower's background reachability excluding this number: the baseline this number is judged against.,null when other lines have no attempts in window.,Answer rate on the borrower's other phone lines over 7d.
n_payments_7d,crossline,Int64,7,payment,"borrower-level payment count with occurred_at in (as_of-W, as_of] on occurred_at; only rows with received_at <= as_of, W=7; 0 if none","Recent repayment activity: payers who won't pick up are avoiding, not unreachable.",0 when no visible payments in window.,Borrower-level visible payments with occurred_at in 7d.
other_lines_attempts_14d,crossline,Int64,14,dial_attempt,"borrower total attempts minus own attempts in (as_of-W, as_of] on occurred_at; only rows with received_at <= as_of, W=14; 0 if none (floored, never negative)",Dial pressure on the borrower's OTHER numbers: context for whether silence here is selective.,0 when the borrower has no other phone lines with attempts.,Attempts on the borrower's OTHER phone contact points in 14d.
other_lines_answered_14d,crossline,Int64,14,dial_attempt,"borrower answered total minus own answered in (as_of-W, as_of] on occurred_at; only rows with received_at <= as_of, W=14; 0 if none",Proof of life elsewhere: answers on sibling lines while this one stays silent is the core avoiding-vs-invalid separator.,0 when none.,Answered attempts on the borrower's other phone lines in 14d.
other_lines_answer_rate_14d,crossline,Float64,14,dial_attempt,"other answered / other attempts in (as_of-W, as_of] on occurred_at; only rows with received_at <= as_of, W=14; null if others empty",Borrower's background reachability excluding this number: the baseline this number is judged against.,null when other lines have no attempts in window.,Answer rate on the borrower's other phone lines over 14d.
n_payments_14d,crossline,Int64,14,payment,"borrower-level payment count with occurred_at in (as_of-W, as_of] on occurred_at; only rows with received_at <= as_of, W=14; 0 if none","Recent repayment activity: payers who won't pick up are avoiding, not unreachable.",0 when no visible payments in window.,Borrower-level visible payments with occurred_at in 14d.
other_lines_attempts_30d,crossline,Int64,30,dial_attempt,"borrower total attempts minus own attempts in (as_of-W, as_of] on occurred_at; only rows with received_at <= as_of, W=30; 0 if none (floored, never negative)",Dial pressure on the borrower's OTHER numbers: context for whether silence here is selective.,0 when the borrower has no other phone lines with attempts.,Attempts on the borrower's OTHER phone contact points in 30d.
other_lines_answered_30d,crossline,Int64,30,dial_attempt,"borrower answered total minus own answered in (as_of-W, as_of] on occurred_at; only rows with received_at <= as_of, W=30; 0 if none",Proof of life elsewhere: answers on sibling lines while this one stays silent is the core avoiding-vs-invalid separator.,0 when none.,Answered attempts on the borrower's other phone lines in 30d.
other_lines_answer_rate_30d,crossline,Float64,30,dial_attempt,"other answered / other attempts in (as_of-W, as_of] on occurred_at; only rows with received_at <= as_of, W=30; null if others empty",Borrower's background reachability excluding this number: the baseline this number is judged against.,null when other lines have no attempts in window.,Answer rate on the borrower's other phone lines over 30d.
n_payments_30d,crossline,Int64,30,payment,"borrower-level payment count with occurred_at in (as_of-W, as_of] on occurred_at; only rows with received_at <= as_of, W=30; 0 if none","Recent repayment activity: payers who won't pick up are avoiding, not unreachable.",0 when no visible payments in window.,Borrower-level visible payments with occurred_at in 30d.
days_since_last_payment,crossline,Int64,,payment,as_of date minus last visible borrower payment; null if none,Recency of borrower repayment: fresh payments reframe silence as avoidance.,null when no visible payment.,Days from last visible borrower payment to as_of.
days_since_last_other_line_answer,crossline,Int64,,dial_attempt,as_of date minus latest answer on any OTHER phone line (top-2 per-borrower trick excludes self); null if none,Freshest proof the borrower is reachable somewhere else: the single most avoiding-indicative feature when this line is silent.,null when no other line was ever answered.,Days from the last answered attempt on any OTHER phone line to as_of.
n_visits_locked_premises,field,Int64,,field_visit,"count of visible visits with the mapped outcome; null for phone rows, 0 for unvisited addresses",Visit history by outcome type: met vs locked vs absent vs traceable drives address health.,null for phone contact points; 0 for addresses with no such outcome.,Visible field visits with outcome=locked_premises.
n_visits_nobody_of_that_name,field,Int64,,field_visit,"count of visible visits with the mapped outcome; null for phone rows, 0 for unvisited addresses",Visit history by outcome type: met vs locked vs absent vs traceable drives address health.,null for phone contact points; 0 for addresses with no such outcome.,Visible field visits with outcome=nobody_of_that_name.
n_visits_met_borrower,field,Int64,,field_visit,"count of visible visits with the mapped outcome; null for phone rows, 0 for unvisited addresses",Visit history by outcome type: met vs locked vs absent vs traceable drives address health.,null for phone contact points; 0 for addresses with no such outcome.,Visible field visits with outcome=met_borrower.
n_visits_met_third_party,field,Int64,,field_visit,"count of visible visits with the mapped outcome; null for phone rows, 0 for unvisited addresses",Visit history by outcome type: met vs locked vs absent vs traceable drives address health.,null for phone contact points; 0 for addresses with no such outcome.,Visible field visits with outcome=met_third_party.
n_visits_address_not_found,field,Int64,,field_visit,"count of visible visits with the mapped outcome; null for phone rows, 0 for unvisited addresses",Visit history by outcome type: met vs locked vs absent vs traceable drives address health.,null for phone contact points; 0 for addresses with no such outcome.,Visible field visits with outcome=address_not_found.
n_visits,field,Int64,,field_visit,count of visible field visits all-time; null for phones,Total field effort on this address.,null for phone contact points.,Visible field visits (all-time).
last_visit_outcome,field,string,,field_visit,latest visit outcome by occurred_at; null for phones/unvisited,Freshest ground observation of the address.,null for phones or when never visited.,Most recent visit outcome (by occurred_at).
days_since_last_visit,field,Int64,,field_visit,as_of date minus latest visit; null for phones/unvisited,Staleness of the ground observation.,null for phones or when never visited.,Days from last visible visit to as_of.
gps_dwell_mean_seconds,field,Float64,,field_visit,mean dwell_seconds across visible visits; null for phones/no dwell,"Time agents spent on site: longer dwells suggest real engagement, fly-bys suggest locked/absent.",null for phones or when no dwell recorded.,Mean dwell_seconds across visible visits.
visit_hour_mean,field,Float64,,field_visit,"mean visit hour IST (plain mean, not circular — documented approximate); null for phones/unvisited",When visits happen: morning vs evening success patterns feed visit scheduling.,null for phones or when never visited.,"Mean visit hour in IST (circular mean is NOT used; plain mean, documented as approximate)."
dpd_bucket,account,string,,tables/calendar,borrowers-table dpd_bucket or accounts fallback bucket_start; null if absent,Delinquency band: recovery urgency and contact strategy differ by bucket.,Null when the borrower row is absent or the source column is.,Account context passthrough (dpd_bucket).
outstanding,account,Float64,,tables/calendar,borrowers-table outstanding; null if absent,Money at stake: scales VOI and trace-worthiness.,Null when the borrower row is absent or the source column is.,Account context passthrough (outstanding).
product,account,string,,tables/calendar,borrowers-table product or portfolio fallback; null if absent,"Product segment: secured vs unsecured, retail vs MSME behave differently.",Null when the borrower row is absent or the source column is.,Account context passthrough (product).
bureau_score_band,account,string,,tables/calendar,borrowers-table bureau_score_band; null if absent,Credit band: strongest account segment found (+9pp monotone RPC lift).,Null when the borrower row is absent or the source column is.,Account context passthrough (bureau_score_band).
income_type,account,string,,tables/calendar,income_type passthrough; null if absent,Salaried vs self-employed vs daily-wage: repayment capacity context.,Null when the borrower row is absent or the source column is.,Account context passthrough (income_type).
preferred_language,account,string,,tables/calendar,preferred_language passthrough; null if absent,Agent-language matching for contact attempts.,Null when the borrower row is absent or the source column is.,Account context passthrough (preferred_language).
town_id,account,string,,tables/calendar,town_id passthrough; null if absent,Geography segment for visit planning and regional effects.,Null when the borrower row is absent or the source column is.,Account context passthrough (town_id).
dpd_start,account,Int64,,tables/calendar,dpd_start passthrough as Int64; null if absent,Exact days-past-due at snapshot: finer than bucket for roll-rate logic.,Null when the borrower row is absent or the source column is.,Account context passthrough (dpd_start).
overdue_start,account,Float64,,tables/calendar,overdue_start passthrough as Float64; null if absent,Overdue rupees at snapshot: complements outstanding for exposure sizing.,Null when the borrower row is absent or the source column is.,Account context passthrough (overdue_start).
emi_amount,account,Float64,,tables/calendar,emi_amount passthrough as Float64; null if absent,Instalment size: affordability context for promise-to-pay assessment.,Null when the borrower row is absent or the source column is.,Account context passthrough (emi_amount).
other_active_loans,account,Int64,,tables/calendar,other_active_loans passthrough as Int64; null if absent,Borrower leverage elsewhere: over-leveraged borrowers behave differently.,Null when the borrower row is absent or the source column is.,Account context passthrough (other_active_loans).
paid_other_lenders_30d,account,boolean,,tables/calendar,paid_other_lenders_30d passthrough as boolean (tolerant True/False parse); null if absent,"Selective payer signal: pays others but not us points to avoidance or dispute, not inability.",Null when the borrower row is absent or the source column is.,Account context passthrough (paid_other_lenders_30d).
last_bounce_reason,account,string,,tables/calendar,last_bounce_reason passthrough; null if absent,Why the last mandate failed (funds vs technical vs stop): funds-shortage vs unwillingness hint.,Null when the borrower row is absent or the source column is.,Account context passthrough (last_bounce_reason).
has_any_attempt,core,boolean,,dial_attempt,true when any dial attempt is visible; never null,The 'no evidence vs negative evidence' gate: separates untested numbers from measured zeros.,Never null.,True when any dial attempt is visible for this contact point. Distinguishes 'no evidence' from measured zeros.
contact_point_type,core,string,,contact_point_update,"phone or address, resolved table → latest update → dial/bot/field evidence → phone fallback; never null","Routing switch: phone rows get telephony logic, address rows get visit logic.",Never null.,phone or address for this contact point.
asof_weekday,calendar,Int64,,tables/calendar,"as_of weekday in IST, Monday=0; never null","Day-of-week effect control (Sunday answers best, Saturday worst).",Never null.,as_of weekday in IST (Monday=0).
asof_day_of_month,calendar,Int64,,tables/calendar,as_of day of month IST; never null,Salary-cycle proximity control (EMI/salary dates cluster early-month).,Never null.,as_of day of month in IST.
is_holiday,calendar,boolean,,tables/calendar,true when as_of IST date is in configs holidays; never null,Festival/holiday control: contact patterns shift on holidays.,Never null.,True when the as_of IST date is in configs holidays.
agent_wrong_number_rate,agent,Float64,,disposition,wrong-number share of the agent who recorded the latest disposition; null when no agent/history. Always emitted: real dispositions carry agent_id.,"Agent reliability control: some agents record wrong-number far more often (disposition noise, not line truth).",null when the last disposition has no agent or the agent has no history.,Wrong-number share of the agent who recorded the latest disposition (feature of disposition reliability; only present when agent_id is observed).
